filename,decision
IMG_2486.HEIC,approved
IMG_2487.HEIC,approved
IMG_2488.HEIC,approved
IMG_2489.HEIC,approved
IMG_2490.HEIC,approved
IMG_2491.HEIC,approved
IMG_2493.HEIC,approved
IMG_2494.HEIC,approved
IMG_2495.HEIC,approved
IMG_2496.HEIC,approved
IMG_2497.HEIC,approved
IMG_2498.HEIC,approved
IMG_2500.HEIC,approved
IMG_2504.HEIC,approved
IMG_2507.HEIC,approved
IMG_2508.HEIC,approved
IMG_2510.HEIC,approved
IMG_2511.HEIC,approved
IMG_2512.HEIC,approved
IMG_2514.HEIC,approved
IMG_2521.HEIC,approved
IMG_2523.HEIC,approved
IMG_2524.HEIC,approved
IMG_2525.HEIC,approved
IMG_2526.HEIC,approved
IMG_2527.HEIC,approved
IMG_2528.HEIC,approved
IMG_2529.HEIC,approved
IMG_2530.HEIC,approved
IMG_2531.HEIC,approved
IMG_2533.HEIC,approved
IMG_2535.HEIC,approved
IMG_2536.HEIC,approved
IMG_2537.HEIC,approved
IMG_2538.HEIC,approved
IMG_2544.HEIC,approved
IMG_2545.HEIC,approved
IMG_2546.HEIC,approved
IMG_2547.HEIC,approved
IMG_2548.HEIC,approved
IMG_2549.HEIC,approved
IMG_2550.HEIC,approved
IMG_2551.HEIC,approved
IMG_2553.HEIC,approved
IMG_2554.HEIC,approved
IMG_2555.HEIC,approved
IMG_2556.HEIC,approved
IMG_2557.HEIC,approved
IMG_2560.HEIC,approved
IMG_2561.HEIC,approved
IMG_2566.HEIC,approved
IMG_2567.HEIC,approved
IMG_2568.HEIC,approved
IMG_2569.HEIC,approved
IMG_2580.HEIC,approved
IMG_2581.HEIC,approved
IMG_2583.HEIC,approved
IMG_2585.HEIC,approved
IMG_2588.HEIC,approved
IMG_2589.HEIC,approved
IMG_2590.HEIC,approved
IMG_2591.HEIC,approved
IMG_2594.HEIC,approved
IMG_2596.HEIC,approved
IMG_2598.HEIC,approved
IMG_2600.HEIC,approved
IMG_2601.HEIC,approved
IMG_2602.HEIC,approved
IMG_2603.HEIC,approved
IMG_2604.HEIC,approved
IMG_2606.HEIC,approved
IMG_2607.HEIC,approved
IMG_2609.HEIC,approved
IMG_2610.HEIC,approved
IMG_2612.HEIC,approved
IMG_2613.HEIC,approved
IMG_2614.HEIC,approved
IMG_2616.HEIC,approved
IMG_2618.HEIC,approved
IMG_2619.HEIC,approved
IMG_2621.HEIC,approved
IMG_2622.HEIC,approved
IMG_2624.HEIC,approved
IMG_2627.HEIC,approved
IMG_2628.HEIC,approved
IMG_2629.HEIC,approved
IMG_2631.HEIC,approved
IMG_2632.HEIC,approved
IMG_2634.HEIC,approved
IMG_2635.HEIC,approved
IMG_2636.HEIC,approved
IMG_2637.HEIC,approved
IMG_2643.HEIC,approved
IMG_2644.HEIC,approved
IMG_2646.HEIC,approved
IMG_2648.HEIC,approved
IMG_2650.HEIC,approved
IMG_2651.HEIC,approved
IMG_2652.HEIC,approved
IMG_2654.HEIC,approved
IMG_2655.HEIC,approved
IMG_2656.HEIC,approved
IMG_2657.HEIC,approved
IMG_2658.HEIC,approved
IMG_2661.HEIC,approved
IMG_2663.HEIC,approved
IMG_2664.HEIC,approved
IMG_2666.HEIC,approved
IMG_2667.HEIC,approved
IMG_2668.HEIC,approved
IMG_2669.HEIC,approved
IMG_2670.HEIC,approved
IMG_2672.HEIC,approved
IMG_2673.HEIC,approved
IMG_2674.HEIC,approved
IMG_2676.HEIC,approved
IMG_2677.HEIC,approved
IMG_2679.HEIC,approved
IMG_2681.HEIC,approved
IMG_2682.HEIC,approved
IMG_2684.HEIC,approved
IMG_2685.HEIC,approved
IMG_2687.HEIC,approved
IMG_2688.HEIC,approved
IMG_2689.HEIC,approved
IMG_2690.HEIC,approved
IMG_2692.HEIC,approved
IMG_2694.HEIC,approved
IMG_2697.HEIC,approved
IMG_2698.HEIC,approved
IMG_2699.HEIC,approved
IMG_2700.HEIC,approved
IMG_2701.HEIC,approved
IMG_2703.HEIC,approved
IMG_2704.HEIC,approved
IMG_2707.HEIC,approved
IMG_2709.HEIC,approved
IMG_2711.HEIC,approved
IMG_2713.HEIC,approved
IMG_2714.HEIC,approved
IMG_2716.HEIC,approved
IMG_2717.HEIC,approved
IMG_2720.HEIC,approved
IMG_2721.HEIC,approved
IMG_2723.HEIC,approved
IMG_2724.HEIC,approved
IMG_2725.HEIC,approved
IMG_2727.HEIC,approved
IMG_2728.HEIC,approved
IMG_2729.HEIC,approved
IMG_2731.HEIC,approved
IMG_2732.HEIC,approved
IMG_2733.HEIC,approved
IMG_2734.HEIC,approved
IMG_2737.HEIC,approved
IMG_2738.HEIC,approved
IMG_2739.HEIC,approved
IMG_2740.HEIC,approved
IMG_2743.HEIC,approved
IMG_2745.HEIC,approved
IMG_2746.HEIC,approved
IMG_2747.HEIC,approved
IMG_2748.HEIC,approved
IMG_2749.HEIC,approved
IMG_2750.HEIC,approved
IMG_2751.HEIC,approved
IMG_2752.HEIC,approved
IMG_2753.HEIC,approved
IMG_2754.HEIC,approved
IMG_2755.HEIC,approved
IMG_2756.HEIC,approved
IMG_2757.HEIC,approved
IMG_2758.HEIC,approved
IMG_2760.HEIC,approved
IMG_2761.HEIC,approved
IMG_2763.HEIC,approved
IMG_2765.HEIC,approved
IMG_2767.HEIC,approved
IMG_2768.HEIC,approved
IMG_2769.HEIC,approved
IMG_2771.HEIC,approved
IMG_2773.HEIC,approved
IMG_2775.HEIC,approved
IMG_2777.HEIC,approved
IMG_2778.HEIC,approved
IMG_2779.HEIC,approved
IMG_2780.HEIC,approved
IMG_2781.HEIC,approved
IMG_2782.HEIC,approved
IMG_2783.HEIC,approved
IMG_2785.HEIC,approved
IMG_2787.HEIC,approved
IMG_2791.HEIC,approved
IMG_2792.HEIC,approved
IMG_2793.HEIC,approved
IMG_2796.HEIC,approved
IMG_2800.HEIC,approved
IMG_2802.HEIC,approved
IMG_2804.HEIC,approved
IMG_2806.HEIC,approved
IMG_2808.HEIC,approved
IMG_2809.HEIC,approved
IMG_2811.HEIC,approved
IMG_2812.HEIC,approved
IMG_2816.HEIC,approved
IMG_2819.HEIC,approved
IMG_2820.HEIC,approved
IMG_2821.HEIC,approved
IMG_2824.HEIC,approved
IMG_2825.HEIC,approved
IMG_2826.HEIC,approved
IMG_2827.HEIC,approved
IMG_2828.HEIC,approved
IMG_2829.HEIC,approved
IMG_2830.HEIC,approved
IMG_2831.HEIC,approved
IMG_2832.HEIC,approved
IMG_2833.HEIC,approved
IMG_2835.HEIC,approved
IMG_2836.HEIC,approved
IMG_2837.HEIC,approved
IMG_2838.HEIC,approved
IMG_2839.HEIC,approved
IMG_2840.HEIC,approved
IMG_2841.HEIC,approved
IMG_2842.HEIC,approved
IMG_2843.HEIC,approved
IMG_2844.HEIC,approved
IMG_2845.HEIC,approved
IMG_2846.HEIC,approved
IMG_2847.HEIC,approved
IMG_2850.HEIC,approved
IMG_2852.HEIC,approved
IMG_2853.HEIC,approved
IMG_2854.HEIC,approved
IMG_2858.HEIC,approved
IMG_2860.HEIC,approved
IMG_2862.HEIC,approved
IMG_2864.HEIC,approved
IMG_2868.HEIC,approved
IMG_2869.HEIC,approved
IMG_2870.HEIC,approved
IMG_2871.HEIC,approved
IMG_2872.HEIC,approved
IMG_2873.HEIC,approved
IMG_2874.HEIC,approved
IMG_2876.HEIC,approved
IMG_2877.HEIC,approved
IMG_2878.HEIC,approved
IMG_2879.HEIC,approved
IMG_2881.HEIC,approved
IMG_2882.HEIC,approved
IMG_2884.HEIC,approved
IMG_2886.HEIC,approved
IMG_2888.HEIC,approved
IMG_2889.HEIC,approved
IMG_2890.HEIC,approved
IMG_2891.HEIC,approved
IMG_2893.HEIC,approved
IMG_2894.HEIC,approved
IMG_2895.HEIC,approved
IMG_2896.HEIC,approved
IMG_2897.HEIC,approved
IMG_2898.HEIC,approved
IMG_2900.HEIC,approved
IMG_2901.HEIC,approved
IMG_2902.HEIC,approved
IMG_2903.HEIC,approved
IMG_2904.HEIC,approved
IMG_2905.HEIC,approved
IMG_2907.HEIC,approved
IMG_2908.HEIC,approved
IMG_2909.HEIC,approved
IMG_2910.HEIC,approved
IMG_2911.HEIC,approved
IMG_2913.HEIC,approved
IMG_2914.HEIC,approved
IMG_2915.HEIC,approved
IMG_2917.HEIC,approved
IMG_2920.HEIC,approved
IMG_2921.HEIC,approved
IMG_2922.HEIC,approved
IMG_2923.HEIC,approved
IMG_2925.HEIC,approved
IMG_2928.HEIC,approved
IMG_2929.HEIC,approved
IMG_2931.HEIC,approved
IMG_2932.HEIC,approved
IMG_2934.HEIC,approved
IMG_2935.HEIC,approved
IMG_2936.HEIC,approved
IMG_2937.HEIC,approved
IMG_2938.HEIC,approved
IMG_2939.HEIC,approved
IMG_2940.HEIC,approved
IMG_2943.HEIC,approved
IMG_2944.HEIC,approved
IMG_2945.HEIC,approved
IMG_2946.HEIC,approved
IMG_2947.HEIC,approved
IMG_2948.HEIC,approved
IMG_2949.HEIC,approved
IMG_2950.HEIC,approved
IMG_2951.HEIC,approved
IMG_2952.HEIC,approved
IMG_2953.HEIC,approved
IMG_2954.HEIC,approved
IMG_2955.HEIC,approved
IMG_2956.HEIC,approved
IMG_2957.HEIC,approved
IMG_2958.HEIC,approved
IMG_2959.HEIC,approved
IMG_2960.HEIC,approved
IMG_2961.HEIC,approved
IMG_2962.HEIC,approved
IMG_2963.HEIC,approved
IMG_2967.HEIC,approved
IMG_2969.HEIC,approved
IMG_2970.HEIC,approved
IMG_2971.HEIC,approved
IMG_2972.HEIC,approved
IMG_2974.HEIC,approved
IMG_2975.HEIC,approved
IMG_2977.HEIC,approved
IMG_2978.HEIC,approved
IMG_2979.HEIC,approved
IMG_2981.HEIC,approved
IMG_2982.HEIC,approved
IMG_2984.HEIC,approved
IMG_2987.HEIC,approved
IMG_2988.HEIC,approved
IMG_2990.HEIC,approved
IMG_2991.HEIC,approved
IMG_2992.HEIC,approved
IMG_2994.HEIC,approved
IMG_2995.HEIC,approved
IMG_2999.HEIC,approved
IMG_3002.HEIC,approved
IMG_3003.HEIC,approved
IMG_3004.HEIC,approved
IMG_3006.HEIC,approved
IMG_3007.HEIC,approved
IMG_3010.HEIC,approved
IMG_3011.HEIC,approved
IMG_3022.HEIC,approved
IMG_3023.HEIC,approved
IMG_3024.HEIC,approved
IMG_3025.HEIC,approved
IMG_3027.HEIC,approved
IMG_3028.HEIC,approved
IMG_3030.HEIC,approved
IMG_3031.HEIC,approved
IMG_3033.HEIC,approved
IMG_3036.HEIC,approved
IMG_3045.HEIC,approved
IMG_3046.HEIC,approved
IMG_3047.HEIC,approved
IMG_3050.HEIC,approved
IMG_3051.HEIC,approved
IMG_3053.HEIC,approved
IMG_3055.HEIC,approved
IMG_3056.HEIC,approved
IMG_3058.HEIC,approved
IMG_3060.HEIC,approved
IMG_3061.HEIC,approved
IMG_3062.HEIC,approved
IMG_3064.HEIC,approved
IMG_3065.HEIC,approved
IMG_3067.HEIC,approved
IMG_3068.HEIC,approved
IMG_3069.HEIC,approved
IMG_3071.HEIC,approved
IMG_3072.HEIC,approved
IMG_3073.HEIC,approved
IMG_3074.HEIC,approved
IMG_3077.HEIC,approved
IMG_3078.HEIC,approved
IMG_3080.HEIC,approved
IMG_3081.HEIC,approved
IMG_3083.HEIC,approved
IMG_3084.HEIC,approved
IMG_3088.HEIC,approved
IMG_3089.HEIC,approved
IMG_3090.HEIC,approved
IMG_3091.HEIC,approved
IMG_3092.HEIC,approved
IMG_3093.HEIC,approved
IMG_3097.HEIC,approved
IMG_3099.HEIC,approved
IMG_3100.HEIC,approved
IMG_3102.HEIC,approved
IMG_3113.HEIC,approved
IMG_3119.HEIC,approved
IMG_3125.HEIC,approved
IMG_3126.HEIC,approved
IMG_3127.HEIC,approved
IMG_3128.HEIC,approved
IMG_3130.HEIC,approved
IMG_3132.HEIC,approved
IMG_3133.HEIC,approved
IMG_3134.HEIC,approved
IMG_3136.HEIC,approved
IMG_3146.HEIC,approved
IMG_3147.HEIC,approved
IMG_3152.HEIC,approved
IMG_3159.HEIC,approved
IMG_3160.HEIC,approved
IMG_3163.HEIC,approved
IMG_3168.HEIC,approved
IMG_3169.HEIC,approved
IMG_3170.HEIC,approved
IMG_3171.HEIC,approved
IMG_3174.HEIC,approved
IMG_3175.HEIC,approved
IMG_3176.HEIC,approved
IMG_3178.HEIC,approved
IMG_3189.HEIC,approved
IMG_3190.HEIC,approved
IMG_3191.HEIC,approved
IMG_3193.HEIC,approved
IMG_3196.HEIC,approved
IMG_3197.HEIC,approved
IMG_3199.HEIC,approved
IMG_3200.HEIC,approved
IMG_3202.HEIC,approved
IMG_3213.HEIC,approved
IMG_3237.HEIC,approved
IMG_3248.HEIC,approved
IMG_3249.HEIC,approved
IMG_3256.HEIC,approved
IMG_3264.HEIC,approved
IMG_3266.HEIC,approved
IMG_3279.HEIC,approved
IMG_3280.HEIC,approved
IMG_3281.HEIC,approved
IMG_3283.HEIC,approved
IMG_3284.HEIC,approved
IMG_3285.HEIC,approved
IMG_3287.HEIC,approved
IMG_3288.HEIC,approved
IMG_3295.HEIC,approved
IMG_3308.HEIC,approved
IMG_3309.HEIC,approved
IMG_3310.HEIC,approved
IMG_3313.HEIC,approved
IMG_3314.HEIC,approved
IMG_3317.HEIC,approved
IMG_3318.HEIC,approved
IMG_3319.HEIC,approved
IMG_3320.HEIC,approved
IMG_3321.HEIC,approved
IMG_3322.HEIC,approved
IMG_3331.HEIC,approved
IMG_3332.HEIC,approved
IMG_3337.HEIC,approved
IMG_3338.HEIC,approved
IMG_3339.HEIC,approved
IMG_3340.HEIC,approved
IMG_3341.HEIC,approved
IMG_3342.HEIC,approved
IMG_3343.HEIC,approved
IMG_3345.HEIC,approved
IMG_3347.HEIC,approved
IMG_3349.HEIC,approved
IMG_3350.HEIC,approved
IMG_3351.HEIC,approved
IMG_3352.HEIC,approved
IMG_3353.HEIC,approved
IMG_3354.HEIC,approved
IMG_3355.HEIC,approved
IMG_3357.HEIC,approved
IMG_3361.HEIC,approved
IMG_3363.HEIC,approved
IMG_3365.HEIC,approved
IMG_3367.HEIC,approved
IMG_3368.HEIC,approved
IMG_3372.HEIC,approved
IMG_3373.HEIC,approved
IMG_3374.HEIC,approved
IMG_3375.HEIC,approved
IMG_3383.HEIC,approved
IMG_3384.HEIC,approved
IMG_3386.HEIC,approved
IMG_3388.HEIC,approved
IMG_3389.HEIC,approved
IMG_3390.HEIC,approved
IMG_3403.HEIC,approved
IMG_3404.HEIC,approved
IMG_3407.HEIC,approved
IMG_3409.HEIC,approved
IMG_3410.HEIC,approved
IMG_3411.HEIC,approved
IMG_3412.HEIC,approved
IMG_3430.HEIC,approved
IMG_3431.HEIC,approved
IMG_3432.HEIC,approved
IMG_3433.HEIC,approved
IMG_3434.HEIC,approved
IMG_3453.HEIC,approved
IMG_3471.HEIC,approved
IMG_3489.HEIC,approved
IMG_3495.HEIC,approved
IMG_3496.HEIC,approved
IMG_3497.HEIC,approved
IMG_3498.HEIC,approved
IMG_3511.HEIC,approved
IMG_3512.HEIC,approved
IMG_3514.HEIC,approved
IMG_3517.HEIC,approved
IMG_3518.HEIC,approved
IMG_3519.HEIC,approved
IMG_3522.HEIC,approved
IMG_3523.HEIC,approved
IMG_3524.HEIC,approved
IMG_3525.HEIC,approved
IMG_3527.HEIC,approved
IMG_3528.HEIC,approved
IMG_3529.HEIC,approved
IMG_3530.HEIC,approved
IMG_3538.HEIC,approved
IMG_3540.HEIC,approved
IMG_3556.HEIC,approved
IMG_3561.HEIC,approved
IMG_3565.HEIC,approved
IMG_3566.HEIC,approved
IMG_3570.HEIC,approved
IMG_3571.HEIC,approved
IMG_3572.HEIC,approved
IMG_3573.HEIC,approved
IMG_3577.HEIC,approved
IMG_3580.HEIC,approved
IMG_3581.HEIC,approved
IMG_3584.HEIC,approved
IMG_3585.HEIC,approved
IMG_3589.HEIC,approved
IMG_3593.HEIC,approved
IMG_3594.HEIC,approved
IMG_3595.HEIC,approved
IMG_3596.HEIC,approved
IMG_3597.HEIC,approved
IMG_3598.HEIC,approved
IMG_3599.HEIC,approved
IMG_3600.HEIC,approved
IMG_3601.HEIC,approved
IMG_3602.HEIC,approved
IMG_3603.HEIC,approved
IMG_3604.HEIC,approved
IMG_3606.HEIC,approved
IMG_3610.HEIC,approved
IMG_3611.HEIC,approved
IMG_3614.HEIC,approved
IMG_3615.HEIC,approved
IMG_3617.HEIC,approved
IMG_3618.HEIC,approved
IMG_3619.HEIC,approved
IMG_3620.HEIC,approved
IMG_3622.HEIC,approved
IMG_3623.HEIC,approved
IMG_3624.HEIC,approved
IMG_3634.HEIC,approved
IMG_3636.HEIC,approved
IMG_3637.HEIC,approved
IMG_3638.HEIC,approved
IMG_3639.HEIC,approved
IMG_3640.HEIC,approved
IMG_3641.HEIC,approved
IMG_3642.HEIC,approved
IMG_3644.HEIC,approved
IMG_3646.HEIC,approved
IMG_3649.HEIC,approved
IMG_3655.HEIC,approved
IMG_3658.HEIC,approved
IMG_3659.HEIC,approved
IMG_3660.HEIC,approved
IMG_3661.HEIC,approved
IMG_3668.HEIC,approved
IMG_3669.HEIC,approved
IMG_3670.HEIC,approved
IMG_3671.HEIC,approved
IMG_3672.HEIC,approved
IMG_3673.HEIC,approved
IMG_3674.HEIC,approved
IMG_3675.HEIC,approved
IMG_3676.HEIC,approved
IMG_3677.HEIC,approved
IMG_3678.HEIC,approved
IMG_3679.HEIC,approved
IMG_3680.HEIC,approved
IMG_3681.HEIC,approved
IMG_3682.HEIC,approved
IMG_3683.HEIC,approved
IMG_3684.HEIC,approved
IMG_3685.HEIC,approved
IMG_3686.HEIC,approved
IMG_3687.HEIC,approved
IMG_3688.HEIC,approved
IMG_3694.HEIC,approved
IMG_3695.HEIC,approved
IMG_3697.HEIC,approved
IMG_3698.HEIC,approved
IMG_3701.HEIC,approved
IMG_3702.HEIC,approved
IMG_3703.HEIC,approved
IMG_3706.HEIC,approved
IMG_3707.HEIC,approved
IMG_3708.HEIC,approved
IMG_3709.HEIC,approved
IMG_3734.HEIC,approved
IMG_3735.HEIC,approved
IMG_3736.HEIC,approved
IMG_3750.HEIC,approved
IMG_3751.HEIC,approved
IMG_3753.HEIC,approved
IMG_3754.HEIC,approved
IMG_3755.HEIC,approved
IMG_3756.HEIC,approved
IMG_3757.HEIC,approved
IMG_3758.HEIC,approved
IMG_3759.HEIC,approved
IMG_3760.HEIC,approved
IMG_3765.HEIC,approved
IMG_3766.HEIC,approved
IMG_3774.HEIC,approved
IMG_3777.HEIC,approved
IMG_3778.HEIC,approved
IMG_3779.HEIC,approved
IMG_3780.HEIC,approved
IMG_3781.HEIC,approved
IMG_3782.HEIC,approved
IMG_3783.HEIC,approved
IMG_3785.HEIC,approved
IMG_3786.HEIC,approved
IMG_3787.HEIC,approved
IMG_3790.HEIC,approved
IMG_3802.HEIC,approved
IMG_3803.HEIC,approved
IMG_3805.HEIC,approved
IMG_3806.HEIC,approved
IMG_3814.HEIC,approved
IMG_3816.HEIC,approved
IMG_3827.HEIC,approved
IMG_3828.HEIC,approved
IMG_3829.HEIC,approved
IMG_3832.HEIC,approved
IMG_3844.HEIC,approved
IMG_3845.HEIC,approved
IMG_3855.HEIC,approved
IMG_3856.HEIC,approved
IMG_3857.HEIC,approved
IMG_3858.HEIC,approved
IMG_3859.HEIC,approved
IMG_3860.HEIC,approved
IMG_3862.HEIC,approved
IMG_3863.HEIC,approved
IMG_3864.HEIC,approved
IMG_3865.HEIC,approved
IMG_3866.HEIC,approved
IMG_3867.HEIC,approved
IMG_3871.HEIC,approved
IMG_3872.HEIC,approved
IMG_3873.HEIC,approved
IMG_3888.HEIC,approved
IMG_3890.HEIC,approved
IMG_3891.HEIC,approved
IMG_3892.HEIC,approved
IMG_3893.HEIC,approved
IMG_3894.HEIC,approved
IMG_3895.HEIC,approved
IMG_3896.HEIC,approved
IMG_3904.HEIC,approved
IMG_3905.HEIC,approved
IMG_3906.HEIC,approved
IMG_3907.HEIC,approved
IMG_3915.HEIC,approved
IMG_3916.HEIC,approved
IMG_3917.HEIC,approved
IMG_3918.HEIC,approved
IMG_3919.HEIC,approved
IMG_3920.HEIC,approved
IMG_3921.HEIC,approved
IMG_3922.HEIC,approved
IMG_3925.HEIC,approved
IMG_3926.HEIC,approved
IMG_3929.HEIC,approved
IMG_3934.HEIC,approved
IMG_3936.HEIC,approved
IMG_3937.HEIC,approved
IMG_3938.HEIC,approved
IMG_3939.HEIC,approved
IMG_3940.HEIC,approved
IMG_3941.HEIC,approved
IMG_3942.HEIC,approved
IMG_3943.HEIC,approved
IMG_3944.HEIC,approved
IMG_3953.HEIC,approved
IMG_3954.HEIC,approved
IMG_3955.HEIC,approved
IMG_3965.HEIC,approved
IMG_3966.HEIC,approved
IMG_3971.HEIC,approved
IMG_3972.HEIC,approved
IMG_3973.HEIC,approved
IMG_3975.HEIC,approved
IMG_3976.HEIC,approved
IMG_3984.HEIC,approved
IMG_3985.HEIC,approved
IMG_3987.HEIC,approved
IMG_3988.HEIC,approved
IMG_3992.HEIC,approved
IMG_3993.HEIC,approved
IMG_E2531.HEIC,approved
IMG_E2589.HEIC,approved
IMG_E2590.HEIC,approved
IMG_E2963.HEIC,approved
IMG_E3176.HEIC,approved
IMG_E3805.HEIC,approved
IMG_E3806.HEIC,approved
